model_name,split,noise_name,flux_rmse_mean,flux_mae_mean,flux_rel_l2_mean,flux_max_abs_mean,peak_flux_error_mean,time_to_peak_error_mean,integrated_flux_error_mean,flux_corrcoef_mean,theta_rmse_mean,theta_rel_l2_mean,left_boundary_rmse_mean,right_boundary_rmse_mean,left_boundary_max_abs_mean,pde_residual_rmse_mean,pde_residual_max_abs_mean,energy_balance_rmse_mean,flux_smoothness_second_diff_mean,nonphysical_flux_oscillation_ratio_mean,flux_rmse_std,flux_mae_std,flux_rel_l2_std,flux_max_abs_std,peak_flux_error_std,time_to_peak_error_std,integrated_flux_error_std,flux_corrcoef_std,theta_rmse_std,theta_rel_l2_std,left_boundary_rmse_std,right_boundary_rmse_std,left_boundary_max_abs_std,pde_residual_rmse_std,pde_residual_max_abs_std,energy_balance_rmse_std,flux_smoothness_second_diff_std,nonphysical_flux_oscillation_ratio_std
name,test,clean,379.7973883199735,162.00837013066854,0.042052916180664764,2973.2819340738724,2453.7405831473216,0.19511435340557778,45.3825267606734,0.9986378008709458,0.0034705284190043512,0.009186943156994651,0.0,0.008472140146685498,0.0,0.019220558128186634,0.2590456349509103,0.02034421114564104,0.29662288931431086,0.011650749063857086,185.33429904113922,58.172082019268835,0.010443774962386146,2223.805183355359,2630.0931237190307,0.24157766429060545,42.12454654402597,0.0003989440978790974,0.001024439093076933,0.003950876249459175,0.0,0.002804003182584889,0.0,0.01585007189208141,0.26724535332445615,0.014725190437474623,0.29637853021571725,0.005790601730093569
name,val,clean,204.66851293358877,125.17647403510858,0.044043642878164445,929.4761549894902,71.807373046875,0.3453975208103657,49.17868149631056,0.9985830148917343,0.004554308114801019,0.01309781650097158,0.0,0.011251078685745597,0.0,0.032443185336887836,0.3846965841948986,0.0302011312877089,0.24686794166450388,0.006584577913172468,51.33245500451999,28.472071773118397,0.015476074591949399,415.72298172378896,42.691490166276495,0.30862803563422037,39.43859067124945,0.00040022826553369933,0.00037398147326216585,0.0018435954350014179,0.0,0.0025570430479176253,0.0,0.015163450325368016,0.3096488533428954,0.015575079925369313,0.27068692718729864,0.0037756829561359307
